theme,policy_2020,plan_2026_2030,continuity_type,entities,project_destination,editorial_opportunity
Gateway positioning,"Magallanes is framed as a gateway/bridge to Antarctica; Punta Arenas and Puerto Williams are explicitly highlighted as gateway cities.","Punta Arenas and Puerto Williams are explicitly framed as Antarctic gateway cities that facilitate cooperation with Antarctic Treaty System countries.",direct_continuity,"Punta Arenas|Puerto Williams|Magallanes|Antarctica",Antarctica Begins|Atlas|Observatorio,"Document policy continuity of Chilean gateway positioning from 2020 to 2026-2030."
Magallanes strategic role,"Strengthen Magallanes and Chilean Antarctica as a platform for Antarctic tourism through services and operational/logistics infrastructure.","Magallanes and Chilean Antarctica become a broader Antarctic development hub for science, technology, logistics, culture and tourism.",expanded_continuity,"Magallanes|Punta Arenas|Puerto Williams",Radar|Antarctica Begins|Observatorio,"Show evolution from tourism platform to multi-sector Antarctic hub."
Puerto Williams,"Puerto Williams is identified as a gateway and requires competitive services, Antarctic identity and infrastructure.","Objective 7 includes an explicit 2026-2030 task to strengthen Puerto Williams through an integrated Antarctic development plan.",policy_to_implementation,"Puerto Williams|GORE Magallanes|Armada|Subturismo",Radar|Antarctica Begins|Atlas,"Track which elements of the integrated Antarctic development plan are actually implemented."
Tourism sustainability,"Tourism must be controlled, sustainable, environmentally responsible, non-invasive and subject to environmental-impact evaluation and precautionary principles.","Tourism must be responsible, safe, sustainable and regulated; the plan calls for greater regulation, monitoring and inspection, and sustainability criteria across tourism, science and logistics.",direct_and_expanded,"Antarctic tourism|MMA|MINREL|INACH",Radar|Travel|Antarctic Pulse,"Build a source-backed explainer on what 'sustainable Antarctic tourism' means in Chilean policy."
Aero-cruise model,"The policy explicitly identifies the growing aero-cruise model and Chile's geographic advantage for air-sea Antarctic tourism.","The strategic plan focuses less on the product model and more on logistics, infrastructure, private-sector capability and gateway capacity.",strategic_reframing,"Aero-cruise|Punta Arenas|Teniente Marsh",Antarctica Begins|Travel|Observatorio,"Explain why Chile's Antarctic access model differs from conventional sea-only departures."
Air connectivity and Teniente Marsh,"Permanent operation of Aeródromo Teniente Marsh is described as a strength for Antarctic tourism through Chile.","Objective 10 includes runway conservation, passenger infrastructure and aviation-capability tasks related to Teniente Marsh and Antarctic operations.",policy_to_infrastructure,"Aeródromo Teniente Marsh|FACH|MOP",Observatorio|Antarctica Begins,"Create a longitudinal Teniente Marsh infrastructure and connectivity timeline."
Digital connectivity,"The 2020 policy already calls for improved regional digital connectivity alongside terrestrial, maritime and air connectivity.","The 2026-2030 plan introduces a staged Antarctic submarine fiber-optic cable program, including possible routes from Punta Arenas or Puerto Williams.",major_expansion,"SUBTEL|Punta Arenas|Puerto Williams|Antarctic cable",Observatorio|Radar,"Track Antarctic fiber project milestones and the digital-gateway dimension of Magallanes."
Operational/logistics infrastructure,"The policy calls for services and infrastructure to support tourism, reception, first aid, safety and logistics in Magallanes and Antarctic territory.","The plan expands this into concrete infrastructure programs including Marsh, Bahía Fildes, Carvajal, Centro Antártico Internacional and other logistics projects.",policy_to_project_portfolio,"Bahía Fildes|Carvajal|Centro Antártico Internacional|Teniente Marsh",Radar|Observatorio|Atlas,"Build an Antarctic infrastructure tracker with project, institution, deadline and status."
Search and Rescue,"Chile's Antarctic SAR responsibility is explicitly linked to infrastructure, services, contingency planning, medical care and evacuation.","The 2026-2030 plan strengthens operational, aviation, logistics, SAR and EVACAM-related capabilities through Objective 10 and defense tasks.",expanded_continuity,"SAR|FACH|Armada|MINDEF",Observatorio|Antarctica Begins,"Map Chilean SAR responsibility and operational assets without presenting aspirational capabilities as already deployed."
Education and Antarctic identity,"Tourism is framed as an educational tool for natural heritage, Chile's historical/geographical links and the Antarctic Treaty System; gateway competitiveness also requires Antarctic identity and science/history narratives.","Objective 8 expands Antarctic identity into formal education, dissemination, heritage, cultural programs and public awareness; the Centro Antártico Internacional also has an education role.",expanded_continuity,"INACH|MINEDUC|Centro Antártico Internacional",Antarctic Pulse|Atlas|Radar,"Develop an Antarctic identity/education knowledge layer separate from tourism promotion."
IAATO and industry coordination,"The policy promotes and requires national Antarctic tourism operators to participate in IAATO and stresses public-private coordination.","The 2026-2030 plan emphasizes regulation, monitoring, intersectoral implementation and responsible private-sector logistics but IAATO is not the central organizing theme in the strategic narrative.",continuity_with_reframing,"IAATO|operators|MINREL|MMA|MINDEF",Radar|Travel|Antarctica Begins,"Verify current operator memberships and distinguish policy expectation from current status."
Environmental monitoring,"The policy requires monitoring before, during and after tourism activities, site-capacity analysis and precaution when impact information is insufficient.","The plan broadens permanent environmental monitoring, protected areas, biosecurity, emissions reduction and sustainability criteria to all Antarctic activities.",expanded_continuity,"MMA|INACH|protected areas|biosecurity",Antarctic Pulse|Radar,"Create a monitoring layer for environmental policy, protected areas and tourism pressure."
Governance and implementation,"The 2020 policy establishes principles and calls for continuous coordination among public agencies, operators and private actors.","The 2026-2030 plan converts strategy into 135 assigned tasks with responsible institutions, periods, financing fields and annual monitoring responsibilities.",institutional_maturation,"MINREL|DIVANTARTICA|MMA|MINDEF|GORE Magallanes",Radar,"Use the 135-task matrix as the baseline for an implementation-monitoring agent."
